,Ω,加h,瓷,腹,X扳笨n(W),だga笨n(W),夹扳虫基(じ/m2),夹扳`基(じ),SVR_щ夹计(安]),SVR_o夹`基/夹扳`基(w代),SVR_o夹`基(w代),RandomForestRegressor_щ夹计(安]),RandomForestRegressor_o夹`基/夹扳`基(w代),RandomForestRegressor_o夹`基(w代),ExtraTreesRegressor_щ夹计(安]),ExtraTreesRegressor_o夹`基/夹扳`基(w代),ExtraTreesRegressor_o夹`基(w代)
0,2020,8,C,_1,29.79,5.31,69723,6865651,1,1.1187926358498814,7681239.779115374,1,1.05626100897789,7251919.45255006,1,1.0719879937171937,7359895.441052444
1,2020,8,C,_2,32.1,5.77,67803,7195300,1,1.1290004134806488,8123496.675117313,1,1.1049960327148438,7950777.954193115,1,1.147116037607193,8253844.025395036
2,2020,9,C,_1,29.79,5.31,70873,6978853,1,1.127093115036529,7865817.167152026,1,1.05626100897789,7371490.311288375,1,1.0719879937171937,7481246.625917219
3,2020,9,C,_2,32.1,5.77,68983,7320490,1,1.1318651565510636,8285807.559880495,1,1.0998720276355742,8051602.179585945,1,1.1460410344600678,8389581.932354582
4,2020,1,C,_1,29.79,5.31,72053,7095034,1,1.1330007736648657,8038679.011178527,1,1.0441799890995025,7408492.524780599,1,1.0294759774208069,7304167.061983857
5,2020,1,C,_2,32.1,5.77,70133,7442470,1,1.1338593409460322,8438714.129210617,1,1.110444003343582,8264446.181564509,1,1.1511339831352234,8567280.135464406
6,2020,1,C,_1,29.79,5.31,72053,7095034,1,1.1330007736648657,8038679.011178527,1,1.0441799890995025,7408492.524780599,1,1.0294759774208069,7304167.061983857
7,2020,1,C,_2,32.1,5.77,70133,7442470,1,1.1338593409460322,8438714.129210617,1,1.110444003343582,8264446.181564509,1,1.1511339831352234,8567280.135464406
8,2020,1,C,_1,29.79,5.31,73202,7208236,1,1.1397331948379583,8215465.845425986,1,1.0441799890995025,7526695.787906641,1,1.0294759774208069,7420705.801579847
9,2020,1,C,_2,32.1,5.77,71312,7567660,1,1.1378269133791845,8610687.21930312,1,1.110444003343582,8403462.666343093,1,1.1479509842395783,8687302.745390488
10,2020,4,C,_5,45.96,8.25,67300,10226179,1,1.1450630096347612,11709619.302803792,1,1.0346030163764954,10580035.639405973,1,1.0148969972133637,10378518.360066358
11,2020,8,D,_1,29.79,5.31,69723,6865651,1,1.1257687706843762,7729135.486217958,1,1.0641140151023865,7305835.451901714,1,1.0716180229187011,7357355.350669803
12,2020,8,D,_2,32.1,5.77,67803,7195300,1,1.134034185845025,8159716.177410708,1,1.1059330308437347,7957519.936829925,1,1.1686930310726167,8409096.966476798
13,2020,9,D,_1,29.79,5.31,70873,6978853,1,1.1327735984076912,7905460.425568311,1,1.0641140151023865,7426295.286639335,1,1.0716180229187011,7478664.654100246
14,2020,9,D,_2,32.1,5.77,68983,7320490,1,1.1366255493741826,8320655.96793821,1,1.1008750259876252,8058944.618992151,1,1.1589510250091553,8484089.38906927
15,2020,1,D,_1,29.79,5.31,72053,7095034,1,1.1373873987925633,8069802.265604796,1,1.0527339959144593,7469183.49396895,1,1.0461600160598754,7422540.883385362
16,2020,1,D,_2,32.1,5.77,70133,7442470,1,1.1381692519636974,8470790.51266226,1,1.1103590083122254,8263813.608593488,1,1.1407280027866364,8489833.938899457
17,2020,1,D,_1,29.79,5.31,72053,7095034,1,1.1373873987925633,8069802.265604796,1,1.0527339959144593,7469183.49396895,1,1.0461600160598754,7422540.883385362
18,2020,1,D,_2,32.1,5.77,70133,7442470,1,1.1381692519636974,8470790.51266226,1,1.1103590083122254,8263813.608593488,1,1.1407280027866364,8489833.938899457
19,2020,1,D,_1,29.79,5.31,73202,7208236,1,1.1430321378821768,8239245.405439271,1,1.0527339959144593,7588355.087774458,1,1.0461600160598754,7540968.289523372
20,2020,1,D,_2,32.1,5.77,71312,7567660,1,1.141580777609228,8639095.187482249,1,1.1103590083122254,8402819.452844096,1,1.1361790025234222,8598216.390236402
21,2020,1,D,_1,29.79,5.31,73202,7208236,1,1.1430321378821768,8239245.405439271,1,1.0527339959144593,7588355.087774458,1,1.0461600160598754,7540968.289523372
22,2020,1,D,_2,32.1,5.77,71312,7567660,1,1.141580777609228,8639095.187482249,1,1.1103590083122254,8402819.452844096,1,1.1361790025234222,8598216.390236402
23,2020,3,D,_3,47.77,8.48,71239,11249376,1,1.1631032050895918,13084185.280857932,1,1.0659580063819885,11991362.414001388,1,1.0469180202484132,11777174.450950013
24,2020,6,D,_5,45.96,8.25,71121,10806789,1,1.1639722953086684,12578802.99724647,1,1.0661380183696747,11521528.609399198,1,1.0544880270957946,11395629.611850535
25,2020,8,C,_1,29.79,5.31,69723,6865651,2,1.117205964209606,7670346.245381645,2,1.05626100897789,7251919.45255006,2,1.0719879937171937,7359895.441052444
26,2020,8,C,_2,32.1,5.77,67803,7195300,2,1.1282977119228033,8118440.526598146,2,1.1049960327148438,7950777.954193115,2,1.147116037607193,8253844.025395036
27,2020,9,C,_1,29.79,5.31,70873,6978853,2,1.1258224570555848,7856949.431889739,2,1.05626100897789,7371490.311288375,2,1.0719879937171937,7481246.625917219
28,2020,9,C,_2,32.1,5.77,68983,7320490,2,1.1311918876141616,8280878.901360594,2,1.0998720276355742,8051602.179585945,2,1.1460410344600678,8389581.932354582
29,2020,1,C,_1,29.79,5.31,72053,7095034,2,1.1320749640646208,8032110.360587263,2,1.0441799890995025,7408492.524780599,2,1.0294759774208069,7304167.061983857
30,2020,1,C,_2,32.1,5.77,70133,7442470,2,1.1334936828514974,8435992.729811784,2,1.110444003343582,8264446.181564509,2,1.1511339831352234,8567280.135464406
31,2020,1,C,_1,29.79,5.31,72053,7095034,2,1.1320749640646208,8032110.360587263,2,1.0441799890995025,7408492.524780599,2,1.0294759774208069,7304167.061983857
32,2020,1,C,_2,32.1,5.77,70133,7442470,2,1.1334936828514974,8435992.729811784,2,1.110444003343582,8264446.181564509,2,1.1511339831352234,8567280.135464406
33,2020,1,C,_1,29.79,5.31,73202,7208236,2,1.1390536869028445,8210567.791865812,2,1.0441799890995025,7526695.787906641,2,1.0294759774208069,7420705.801579847
34,2020,1,C,_2,32.1,5.77,71312,7567660,2,1.1375217563453885,8608377.894624744,2,1.110444003343582,8403462.666343093,2,1.1479509842395783,8687302.745390488
35,2020,4,C,_5,45.96,8.25,67300,10226179,2,1.150093787672101,11761064.939522898,2,1.0346030163764954,10580035.639405973,2,1.0148969972133637,10378518.360066358
36,2020,8,D,_1,29.79,5.31,69723,6865651,2,1.1244243566744607,7719905.208826368,2,1.0641140151023865,7305835.451901714,2,1.0716180229187011,7357355.350669803
37,2020,8,D,_2,32.1,5.77,67803,7195300,2,1.133523680954622,8156042.941572792,2,1.1059330308437347,7957519.936829925,2,1.1686930310726167,8409096.966476798
38,2020,9,D,_1,29.79,5.31,70873,6978853,2,1.1317079873436666,7898023.68259731,2,1.0641140151023865,7426295.286639335,2,1.0716180229187011,7478664.654100246
39,2020,9,D,_2,32.1,5.77,68983,7320490,2,1.1361407656520652,8317107.113548287,2,1.1008750259876252,8058944.618992151,2,1.1589510250091553,8484089.38906927
40,2020,1,D,_1,29.79,5.31,72053,7095034,2,1.1365906013997682,8064148.961011803,2,1.0527339959144593,7469183.49396895,2,1.0461600160598754,7422540.883385362
41,2020,1,D,_2,32.1,5.77,70133,7442470,2,1.1379329700350758,8469031.99149695,2,1.1103590083122254,8263813.608593488,2,1.1407280027866364,8489833.938899457
42,2020,1,D,_1,29.79,5.31,72053,7095034,2,1.1365906013997682,8064148.961011803,2,1.0527339959144593,7469183.49396895,2,1.0461600160598754,7422540.883385362
43,2020,1,D,_2,32.1,5.77,70133,7442470,2,1.1379329700350758,8469031.99149695,2,1.1103590083122254,8263813.608593488,2,1.1407280027866364,8489833.938899457
44,2020,1,D,_1,29.79,5.31,73202,7208236,2,1.1424526710038605,8235068.471426183,2,1.0527339959144593,7588355.087774458,2,1.0461600160598754,7540968.289523372
45,2020,1,D,_2,32.1,5.77,71312,7567660,2,1.141391303369815,8637661.310859615,2,1.1103590083122254,8402819.452844096,2,1.1361790025234222,8598216.390236402
46,2020,1,D,_1,29.79,5.31,73202,7208236,2,1.1424526710038605,8235068.471426183,2,1.0527339959144593,7588355.087774458,2,1.0461600160598754,7540968.289523372
47,2020,1,D,_2,32.1,5.77,71312,7567660,2,1.141391303369815,8637661.310859615,2,1.1103590083122254,8402819.452844096,2,1.1361790025234222,8598216.390236402
48,2020,3,D,_3,47.77,8.48,71239,11249376,2,1.1681056397185585,13140459.548914598,2,1.0659580063819885,11991362.414001388,2,1.0469180202484132,11777174.450950013
49,2020,6,D,_5,45.96,8.25,71121,10806789,2,1.1683825627069155,12626463.826452905,2,1.0661380183696747,11521528.609399198,2,1.0544880270957946,11395629.611850535
50,2020,8,C,_1,29.79,5.31,69723,6865651,3,1.1169455818629097,7668558.551062668,3,1.0613530147075654,7286879.386780011,3,1.075689001083374,7385305.265977068
51,2020,8,C,_2,32.1,5.77,67803,7195300,3,1.1286839971626106,8121219.964784132,3,1.159830025434494,8345324.982008815,3,1.1751040387153626,8455226.089768648
52,2020,9,C,_1,29.79,5.31,70873,6978853,3,1.1255968324255008,7855374.830763203,3,1.0613530147075654,7407026.6707509365,3,1.075689001083374,7507075.412277708
53,2020,9,C,_2,32.1,5.77,68983,7320490,3,1.1314991982327371,8283128.56567077,3,1.1447900187969209,8380423.884702671,3,1.1712220335006713,8573919.18402133
54,2020,1,C,_1,29.79,5.31,72053,7095034,3,1.1320114962071637,8031660.053980697,3,1.0495149993896484,7446344.604179535,3,1.027242000102997,7288316.916958767
55,2020,1,C,_2,32.1,5.77,70133,7442470,3,1.1340671844331611,8440260.998128269,3,1.1611909830570222,8642129.055672396,3,1.1848699688911437,8818359.197373271
56,2020,1,C,_1,29.79,5.31,72053,7095034,3,1.1320114962071637,8031660.053980697,3,1.0495149993896484,7446344.604179535,3,1.027242000102997,7288316.916958767
57,2020,1,C,_2,32.1,5.77,70133,7442470,3,1.1340671844331611,8440260.998128269,3,1.1611909830570222,8642129.055672396,3,1.1848699688911437,8818359.197373271
58,2020,1,C,_1,29.79,5.31,73202,7208236,3,1.1390077400152476,8210236.595856548,3,1.0495149993896484,7565151.801140442,3,1.027242000102997,7404602.765854427
59,2020,1,C,_2,32.1,5.77,71312,7567660,3,1.1380059461963121,8612042.078791983,3,1.1611909830570222,8787498.554841304,3,1.180625970363617,8934575.93088193
60,2020,4,C,_5,45.96,8.25,67300,10226179,3,1.1564368082711223,11825929.803569177,3,1.0589000117778777,10828501.063542686,3,1.0132980179786681,10362166.912195079
61,2020,8,D,_1,29.79,5.31,69723,6865651,3,1.1242012056848831,7718373.132011623,3,1.0715030181407927,7356565.7680013515,3,1.0817890191078186,7427185.860826613
62,2020,8,D,_2,32.1,5.77,67803,7195300,3,1.133970050236575,8159254.702467228,3,1.1593720257282256,8342029.5367223015,3,1.1966700327396393,8610399.886571527
63,2020,9,D,_1,29.79,5.31,70873,6978853,3,1.1315204096536395,7896714.605472531,3,1.0715030181407927,7477862.052660926,3,1.0817890191078186,7549646.541367657
64,2020,9,D,_2,32.1,5.77,68983,7320490,3,1.136510961306085,8319817.127131583,3,1.144949016571045,8381587.826318169,3,1.1831990242004395,8661596.624669075
65,2020,1,D,_1,29.79,5.31,72053,7095034,3,1.1365202663391947,8063649.931365642,3,1.0614030003547668,7530690.375219082,3,1.0631260061264038,7542915.159751044
66,2020,1,D,_2,32.1,5.77,70133,7442470,3,1.1385093604599268,8473321.75994219,3,1.1603809928894042,8636100.728149604,3,1.1697359931468965,8705725.036915982
67,2020,1,D,_1,29.79,5.31,72053,7095034,3,1.1365202663391947,8063649.931365642,3,1.0614030003547668,7530690.375219082,3,1.0631260061264038,7542915.159751044
68,2020,1,D,_2,32.1,5.77,70133,7442470,3,1.1385093604599268,8473321.75994219,3,1.1603809928894042,8636100.728149604,3,1.1697359931468965,8705725.036915982
69,2020,1,D,_1,29.79,5.31,73202,7208236,3,1.1424043799644115,8234720.3782171495,3,1.0614030003547668,7650843.317665243,3,1.0631260061264038,7663263.149896565
70,2020,1,D,_2,32.1,5.77,71312,7567660,3,1.1418800982459691,8641360.344292091,3,1.1603809928894042,8781368.824649429,3,1.1641259932518004,8809709.71409192
71,2020,1,D,_1,29.79,5.31,73202,7208236,3,1.1424043799644115,8234720.3782171495,3,1.0614030003547668,7650843.317665243,3,1.0631260061264038,7663263.149896565
72,2020,1,D,_2,32.1,5.77,71312,7567660,3,1.1418800982459691,8641360.344292091,3,1.1603809928894042,8781368.824649429,3,1.1641259932518004,8809709.71409192
73,2020,3,D,_3,47.77,8.48,71239,11249376,3,1.1738024740514712,13204545.380335243,3,1.082845003604889,12181330.59527275,3,1.0626780080795288,11954464.479817659
74,2020,6,D,_5,45.96,8.25,71121,10806789,3,1.1733705193147144,12680367.621054543,3,1.079287016391754,11663627.056585228,3,1.0685040175914764,11547097.463763373
75,2020,8,C,_1,29.79,5.31,69723,6865651,4,1.1180796798244317,7676344.8718662895,4,1.0617030203342437,7289282.403260821,4,1.0827900052070618,7434058.28203987
76,2020,8,C,_2,32.1,5.77,67803,7195300,4,1.1301944445170446,8132088.086633491,4,1.1596780264377593,8344231.303627609,4,1.1767760396003724,8467256.637736559
77,2020,9,C,_1,29.79,5.31,70873,6978853,4,1.126470761350944,7861473.852266319,4,1.0617030203342437,7409469.308568697,4,1.0827900052070618,7556632.276209319
78,2020,9,C,_2,32.1,5.77,68983,7320490,4,1.1328220899336974,8292812.781138732,4,1.1448480200767517,8380848.48249166,4,1.1725480341911316,8583626.158815837
79,2020,1,C,_1,29.79,5.31,72053,7095034,4,1.13284051442095,8037541.96639413,4,1.050149004459381,7450842.891705461,4,1.0349580132961274,7343062.292908476
80,2020,1,C,_2,32.1,5.77,70133,7442470,4,1.1355795891224716,8451517.024656322,4,1.1615579843521118,8644860.451801062,4,1.1839619708061218,8811601.448865438
81,2020,1,C,_1,29.79,5.31,72053,7095034,4,1.13284051442095,8037541.96639413,4,1.050149004459381,7450842.891705461,4,1.0349580132961274,7343062.292908476
82,2020,1,C,_2,32.1,5.77,70133,7442470,4,1.1355795891224716,8451517.024656322,4,1.1615579843521118,8644860.451801062,4,1.1839619708061218,8811601.448865438
83,2020,1,C,_1,29.79,5.31,73202,7208236,4,1.139616864913703,8214627.311878092,4,1.050149004459381,7569721.859308272,4,1.0349580132961274,7460221.609929624
84,2020,1,C,_2,32.1,5.77,71312,7567660,4,1.1392783686932821,8621671.339625403,4,1.1615579843521118,8790275.895862103,4,1.1797179722785949,8927704.51009383
85,2020,4,C,_5,45.96,8.25,67300,10226179,4,1.163688086219178,11900082.669844748,4,1.0613730156421661,10853790.44372659,4,1.0225520324707031,10456800.120859222
86,2020,8,D,_1,29.79,5.31,69723,6865651,4,1.1251734765678945,7725048.4045718415,4,1.0706050205230713,7350400.429759244,4,1.0799100184440613,7414285.298040488
87,2020,8,D,_2,32.1,5.77,67803,7195300,4,1.1354184183408214,8169676.145487712,4,1.1591900265216828,8340719.997831464,4,1.198226033449173,8621595.778476834
88,2020,9,D,_1,29.79,5.31,70873,6978853,4,1.1322691823495783,7901940.180047901,4,1.0706050205230713,7471595.059292497,4,1.0799100184440613,7536533.2719483925
89,2020,9,D,_2,32.1,5.77,68983,7320490,4,1.1377793805927092,8329102.577835122,4,1.1448930168151856,8381177.880665398,4,1.1842940247058868,8669612.564919198
90,2020,1,D,_1,29.79,5.31,72053,7095034,4,1.137209873937213,8068542.72072024,4,1.061111000776291,7528618.62828181,4,1.0558420014381409,7491234.898831658
91,2020,1,D,_2,32.1,5.77,70133,7442470,4,1.139904530381082,8483705.27022529,4,1.1606339931488037,8637983.674990177,4,1.1694259941577911,8703417.878739536
92,2020,1,D,_1,29.79,5.31,72053,7095034,4,1.137209873937213,8068542.72072024,4,1.061111000776291,7528618.62828181,4,1.0558420014381409,7491234.898831658
93,2020,1,D,_2,32.1,5.77,70133,7442470,4,1.139904530381082,8483705.27022529,4,1.1606339931488037,8637983.674990177,4,1.1694259941577911,8703417.878739536
94,2020,1,D,_1,29.79,5.31,73202,7208236,4,1.1429107801469482,8238370.630243317,4,1.061111000776291,7648738.515791688,4,1.0558420014381409,7610758.3250784585
95,2020,1,D,_2,32.1,5.77,71312,7567660,4,1.1430507633386626,8650219.539687464,4,1.1606339931488037,8783283.444592476,4,1.1638159942626953,8807363.747142028
96,2020,1,D,_1,29.79,5.31,73202,7208236,4,1.1429107801469482,8238370.630243317,4,1.061111000776291,7648738.515791688,4,1.0558420014381409,7610758.3250784585
97,2020,1,D,_2,32.1,5.77,71312,7567660,4,1.1430507633386626,8650219.539687464,4,1.1606339931488037,8783283.444592476,4,1.1638159942626953,8807363.747142028
98,2020,3,D,_3,47.77,8.48,71239,11249376,4,1.179833785449958,13272393.870029908,4,1.0825860035419463,12178417.006180687,4,1.0565000033378602,11884965.781548845
99,2020,6,D,_5,45.96,8.25,71121,10806789,4,1.1786262162343821,12737164.828713343,4,1.0790110182762147,11660644.403186196,4,1.063609014749527,11494198.200896027
100,2020,8,C,_1,29.79,5.31,69723,6865651,5,1.120555547085604,7693343.312403823,5,1.0750570094585419,7380966.232046047,5,1.0902759969234466,7485454.488553458
101,2020,8,C,_2,32.1,5.77,67803,7195300,5,1.1327694943065234,8150616.342383727,5,1.1612280321121216,8355384.059456348,5,1.1786790406703949,8480949.301335692
102,2020,9,C,_1,29.79,5.31,70873,6978853,5,1.1284034265796374,7874961.638795583,5,1.075306009054184,7504402.567205818,5,1.0902759969234466,7608875.911957186
103,2020,9,C,_2,32.1,5.77,68983,7320490,5,1.1351100695097778,8309561.912745633,5,1.1466590237617493,8394105.916857649,5,1.1733520340919494,8589511.832049774
104,2020,1,C,_1,29.79,5.31,72053,7095034,5,1.134510470141945,8049390.359013085,5,1.0612369978427887,7529512.581752513,5,1.0370820093154907,7358132.116881723
105,2020,1,C,_2,32.1,5.77,70133,7442470,5,1.1379427291303,8469104.623270383,5,1.1623549950122833,8650792.179729069,5,1.1830539727210998,8804843.700357603
106,2020,1,C,_1,29.79,5.31,72053,7095034,5,1.134510470141945,8049390.359013085,5,1.0612369978427887,7529512.581752513,5,1.0370820093154907,7358132.116881723
107,2020,1,C,_2,32.1,5.77,70133,7442470,5,1.1379427291303,8469104.623270383,5,1.1623549950122833,8650792.179729069,5,1.1830539727210998,8804843.700357603
108,2020,1,C,_1,29.79,5.31,73202,7208236,5,1.1408423739144538,8223461.069975627,5,1.0612369978427887,7649646.7323823115,5,1.0370820093154907,7475531.874500255
109,2020,1,C,_2,32.1,5.77,71312,7567660,5,1.1412634583816863,8636693.823456753,5,1.1623549950122833,8796307.401554655,5,1.178809974193573,8920833.089305734
110,2020,4,C,_5,45.96,8.25,67300,10226179,5,1.1713093032052588,11978018.59894225,5,1.073539011478424,10978202.094861418,5,1.021610026359558,10447166.99774756
111,2020,8,D,_1,29.79,5.31,69723,6865651,5,1.1273151813805473,7739752.602360536,5,1.0758140170574189,7386163.582024285,5,1.0794660139083863,7411236.917856126
112,2020,8,D,_2,32.1,5.77,67803,7195300,5,1.1378342164577844,8187058.537678696,5,1.1607360327243805,8351843.976261735,5,1.19966703414917,8631964.210813522
113,2020,9,D,_1,29.79,5.31,70873,6978853,5,1.133934145412039,7913559.712511245,5,1.076063016653061,7509685.611958264,5,1.0794660139083863,7533434.629562583
114,2020,9,D,_2,32.1,5.77,68983,7320490,5,1.1399179795754761,8344758.170302478,5,1.1464630210399627,8392671.080892837,5,1.1843480241298676,8670007.867162455
115,2020,1,D,_1,29.79,5.31,72053,7095034,5,1.1386243052117908,8078578.158704033,5,1.0647399985790253,7554366.4910781365,5,1.0453129935264587,7416531.229712004
116,2020,1,D,_2,32.1,5.77,70133,7442470,5,1.142049561696468,8499669.601439113,5,1.1611900043487549,8642121.771665478,5,1.1691159951686858,8701110.72056309
117,2020,1,D,_1,29.79,5.31,72053,7095034,5,1.1386243052117908,8078578.158704033,5,1.0647399985790253,7554366.4910781365,5,1.0453129935264587,7416531.229712004
118,2020,1,D,_2,32.1,5.77,70133,7442470,5,1.142049561696468,8499669.601439113,5,1.1611900043487549,8642121.771665478,5,1.1691159951686858,8701110.72056309
119,2020,1,D,_1,29.79,5.31,73202,7208236,5,1.1439450171894465,8245825.654925588,5,1.0647399985790253,7674897.188397279,5,1.0453129935264587,7534862.751205186
120,2020,1,D,_2,32.1,5.77,71312,7567660,5,1.1448436584322361,8663787.560171297,5,1.1611900043487549,8787491.148309898,5,1.16350599527359,8805017.780192137
121,2020,1,D,_1,29.79,5.31,73202,7208236,5,1.1439450171894465,8245825.654925588,5,1.0647399985790253,7674897.188397279,5,1.0453129935264587,7534862.751205186
122,2020,1,D,_2,32.1,5.77,71312,7567660,5,1.1448436584322361,8663787.560171297,5,1.1611900043487549,8787491.148309898,5,1.16350599527359,8805017.780192137
123,2020,3,D,_3,47.77,8.48,71239,11249376,5,1.1857583723028702,13339041.775182972,5,1.0892190027236939,12253034.107983857,5,1.0473929953575134,11782517.624542922
124,2020,6,D,_5,45.96,8.25,71121,10806789,5,1.1837709938913021,12792763.355303591,5,1.0859450137615203,11735578.629322845,5,1.0589880073070526,11444259.948497776
125,2020,8,C,_1,29.79,5.31,69723,6865651,6,1.1242067124226236,7718410.939351098,6,1.087466002702713,7466162.048921884,6,1.1054999828338623,7589977.06264329
126,2020,8,C,_2,32.1,5.77,67803,7195300,6,1.136262800642429,8175751.729462469,6,1.165182033777237,8383834.287637353,6,1.1809860420227052,8497548.86816597
127,2020,9,C,_1,29.79,5.31,70873,6978853,6,1.131264239602242,7894926.832340826,6,1.087715002298355,7591003.106934882,6,1.1054999828338623,7715121.871700048
128,2020,9,C,_2,32.1,5.77,68983,7320490,6,1.1382338984292601,8332429.871112415,6,1.1500940251350402,8419251.81006081,6,1.1751400351524353,8602600.875933051
129,2020,1,C,_1,29.79,5.31,72053,7095034,6,1.1368946719071842,8066306.351600316,6,1.075834995508194,7633085.871520484,6,1.0515929996967315,7461088.0870103
130,2020,1,C,_2,32.1,5.77,70133,7442470,6,1.140991507809989,8491795.067130608,6,1.1660739982128143,8678470.749478925,6,1.1794659781455994,8778140.158369279
131,2020,1,C,_1,29.79,5.31,72053,7095034,6,1.1368946719071842,8066306.351600316,6,1.075834995508194,7633085.871520484,6,1.0515929996967315,7461088.0870103
132,2020,1,C,_2,32.1,5.77,70133,7442470,6,1.140991507809989,8491795.067130608,6,1.1660739982128143,8678470.749478925,6,1.1794659781455994,8778140.158369279
133,2020,1,C,_1,29.79,5.31,73202,7208236,6,1.1425902960281027,8236060.505080427,6,1.075834995508194,7754872.544682003,6,1.0515929996967315,7580130.517761969
134,2020,1,C,_2,32.1,5.77,71312,7567660,6,1.1438205704369702,8656045.178073041,6,1.1660739982128143,8824451.553315187,6,1.1752219796180725,8893680.366276503
135,2020,4,C,_5,45.96,8.25,67300,10226179,6,1.1786941544154577,12053537.40930611,6,1.0837310087680816,11082427.283512972,6,1.036121016740799,10595558.982853407
136,2020,8,D,_1,29.79,5.31,69723,6865651,6,1.1305035756745185,7761643.004833334,6,1.085036016702652,7449478.61311058,6,1.092036018371582,7497538.18156887
137,2020,8,D,_2,32.1,5.77,67803,7195300,6,1.141107730597204,8210612.453966062,6,1.16263303399086,8365493.469474435,6,1.1985690331459045,8624063.764194727
138,2020,9,D,_1,29.79,5.31,70873,6978853,6,1.136419326719813,7930903.427536547,6,1.085285016298294,7574044.591848399,6,1.092036018371582,7621158.842920571
139,2020,9,D,_2,32.1,5.77,68983,7320490,6,1.1428311210401894,8366083.793263496,6,1.147711021900177,8401807.058710026,6,1.1829040229320527,8659437.070833862
140,2020,1,D,_1,29.79,5.31,72053,7095034,6,1.1406640397100942,8093050.144320468,6,1.0777230012416839,7646481.336391789,6,1.056842999458313,7498337.013818713
141,2020,1,D,_2,32.1,5.77,70133,7442470,6,1.1448087938617197,8520205.104052033,6,1.1636600065231324,8660504.688748216,6,1.1664179956912994,8681030.940392625
142,2020,1,D,_1,29.79,5.31,72053,7095034,6,1.1406640397100942,8093050.144320468,6,1.0777230012416839,7646481.336391789,6,1.056842999458313,7498337.013818713
143,2020,1,D,_2,32.1,5.77,70133,7442470,6,1.1448087938617197,8520205.104052033,6,1.1636600065231324,8660504.688748216,6,1.1664179956912994,8681030.940392625
144,2020,1,D,_1,29.79,5.31,73202,7208236,6,1.1454330847601415,8256551.997159103,6,1.0777230012416839,7768481.73557835,6,1.056842999458313,7617973.755043393
145,2020,1,D,_2,32.1,5.77,71312,7567660,6,1.1471430341669075,8681188.45394354,6,1.1636600065231324,8806183.284964848,6,1.1608079957962036,8784600.237467099
146,2020,1,D,_1,29.79,5.31,73202,7208236,6,1.1454330847601415,8256551.997159103,6,1.0777230012416839,7768481.73557835,6,1.056842999458313,7617973.755043393
147,2020,1,D,_2,32.1,5.77,71312,7567660,6,1.1471430341669075,8681188.45394354,6,1.1636600065231324,8806183.284964848,6,1.1608079957962036,8784600.237467099
148,2020,3,D,_3,47.77,8.48,71239,11249376,6,1.191106775091702,13399207.96915399,6,1.0993380045890808,12366866.564712295,6,1.0589230012893678,11912222.996552583
149,2020,6,D,_5,45.96,8.25,71121,10806789,6,1.1884027469676397,12842817.733499672,6,1.0943220150470734,11826107.114668546,6,1.0715580117702483,11580101.33446059
150,2020,8,C,_1,29.79,5.31,69723,6865651,7,1.128775883557158,7749781.273720085,7,1.0972630095481872,7533424.878767521,7,1.099163999557495,7546476.412725916
151,2020,8,C,_2,32.1,5.77,67803,7195300,7,1.140460654375351,8205956.546426963,7,1.1717380344867707,8431006.67954266,7,1.1821970427036286,8506262.381365418
152,2020,9,C,_1,29.79,5.31,70873,6978853,7,1.1348508779879025,7919957.454398507,7,1.0975120091438293,7659374.97754944,7,1.099163999557495,7670903.975803823
153,2020,9,C,_2,32.1,5.77,68983,7320490,7,1.142002767961103,8360019.842831574,7,1.158036025762558,8477391.146234548,7,1.176178035736084,8610199.548825646
154,2020,1,C,_1,29.79,5.31,72053,7095034,7,1.1398088116345853,8086982.272046978,7,1.0859980010986328,7705192.741726837,7,1.0514410066604614,7460009.691250199
155,2020,1,C,_2,32.1,5.77,70133,7442470,7,1.1445061643541434,8517952.793020781,7,1.165929000377655,8677391.607440686,7,1.178269979953766,8769238.977706505
156,2020,1,C,_1,29.79,5.31,72053,7095034,7,1.1398088116345853,8086982.272046978,7,1.0859980010986328,7705192.741726837,7,1.0514410066604614,7460009.691250199
157,2020,1,C,_2,32.1,5.77,70133,7442470,7,1.1445061643541434,8517952.793020781,7,1.165929000377655,8677391.607440686,7,1.178269979953766,8769238.977706505
158,2020,1,C,_1,29.79,5.31,73202,7208236,7,1.1447243962473848,8251443.603108664,7,1.0859980010986328,7828129.887447204,7,1.0514410066604614,7579034.916086177
159,2020,1,C,_2,32.1,5.77,71312,7567660,7,1.1467629827923054,8678312.354358017,7,1.165929000377655,8823354.258997966,7,1.174025981426239,8884629.458600093
160,2020,4,C,_5,45.96,8.25,67300,10226179,7,1.1852487341257296,12120565.71469312,7,1.1020040094852448,11269290.259713812,7,1.037728021144867,10611992.497543195
161,2020,8,D,_1,29.79,5.31,69723,6865651,7,1.1345356114313974,7789325.555159585,7,1.0941590249538422,7512114.003833372,7,1.0857000350952148,7454037.531651497
162,2020,8,D,_2,32.1,5.77,67803,7195300,7,1.145067986591169,8239107.683919438,7,1.1709320318698884,8425207.248913407,7,1.197818032503128,8618660.089269757
163,2020,9,D,_1,29.79,5.31,70873,6978853,7,1.1395658466890946,7952862.527863728,7,1.0944080245494843,7637712.725351242,7,1.0857000350952148,7576940.947024345
164,2020,9,D,_2,32.1,5.77,68983,7320490,7,1.1463676706809274,8391973.069543023,7,1.1581890201568603,8478511.140168095,7,1.1821530222892762,8653939.378138423
165,2020,1,D,_1,29.79,5.31,72053,7095034,7,1.1431786943988842,8110891.704835693,7,1.087169008255005,7713501.077315541,7,1.056078007221222,7492909.367886815
166,2020,1,D,_2,32.1,5.77,70133,7442470,7,1.1479977204751606,8543938.594704768,7,1.162832006216049,8654342.321302759,7,1.16416499376297,8664263.04113109
167,2020,1,D,_1,29.79,5.31,72053,7095034,7,1.1431786943988842,8110891.704835693,7,1.087169008255005,7713501.077315541,7,1.056078007221222,7492909.367886815
168,2020,1,D,_2,32.1,5.77,70133,7442470,7,1.1479977204751606,8543938.594704768,7,1.162832006216049,8654342.321302759,7,1.16416499376297,8664263.04113109
169,2020,1,D,_1,29.79,5.31,73202,7208236,7,1.1472639168892624,8269749.067222189,7,1.087169008255005,7836570.783388024,7,1.056078007221222,7612459.5104602715
170,2020,1,D,_2,32.1,5.77,71312,7567660,7,1.1497923456579424,8701237.542541785,7,1.162832006216049,8799917.260160945,7,1.158554993867874,8767550.284894155
171,2020,1,D,_1,29.79,5.31,73202,7208236,7,1.1472639168892624,8269749.067222189,7,1.087169008255005,7836570.783388024,7,1.056078007221222,7612459.5104602715
172,2020,1,D,_2,32.1,5.77,71312,7567660,7,1.1497923456579424,8701237.542541785,7,1.162832006216049,8799917.260160945,7,1.158554993867874,8767550.284894155
173,2020,3,D,_3,47.77,8.48,71239,11249376,7,1.195442944140342,13447987.165181704,7,1.1114850080013274,12503512.77336994,7,1.0581580090522766,11903617.311240464
174,2020,6,D,_5,45.96,8.25,71121,10806789,7,1.1921485957022897,12883298.330400951,7,1.1054940176010133,11946840.588976437,7,1.0679590225219726,11541207.817041205
175,2020,8,C,_1,29.79,5.31,69723,6865651,8,1.1339488759911682,7785297.23439764,8,1.1360660088062287,7799832.729426493,8,1.1099639999866486,7620625.446472334
176,2020,8,C,_2,32.1,5.77,67803,7195300,8,1.1451086471952006,8239400.249163627,8,1.2084840285778045,8695405.130825877,8,1.187160038948059,8541972.62824297
177,2020,9,C,_1,29.79,5.31,70873,6978853,8,1.1389160109941772,7948327.420074746,8,1.1363150084018707,7930175.4053304205,8,1.1042269992828369,7706237.906626023
178,2020,9,C,_2,32.1,5.77,68983,7320490,8,1.1461881388370814,8390658.808475466,8,1.1973490190505982,8765181.520469714,8,1.1818500316143037,8651721.337932194
179,2020,1,C,_1,29.79,5.31,72053,7095034,8,1.1430359657196012,8109879.040003405,8,1.129510999917984,8013918.947792093,8,1.0592050063610077,7515095.533101566
180,2020,1,C,_2,32.1,5.77,70133,7442470,8,1.1482413598275836,8545751.873275995,8,1.1868149983882903,8832835.0210549,8,1.1712409818172456,8716925.869945396
181,2020,1,C,_1,29.79,5.31,72053,7095034,8,1.1430359657196012,8109879.040003405,8,1.129510999917984,8013918.947792093,8,1.0592050063610077,7515095.533101566
182,2020,1,C,_2,32.1,5.77,70133,7442470,8,1.1482413598275836,8545751.873275995,8,1.1868149983882903,8832835.0210549,8,1.1712409818172456,8716925.869945396
183,2020,1,C,_1,29.79,5.31,73202,7208236,8,1.147084704385893,8268457.261203751,8,1.129510999917984,8141781.852004809,8,1.0592050063610077,7634999.658231645
184,2020,1,C,_2,32.1,5.77,71312,7567660,8,1.1498827366918452,8701921.59115341,8,1.1868149983882903,8981412.390703129,8,1.1646119832992554,8813387.521534443
185,2020,4,C,_5,45.96,8.25,67300,10226179,8,1.1904711556389194,12173971.131900448,8,1.1659130072593689,11922835.110662606,8,1.0625690197944642,10866020.996272733
186,2020,8,D,_1,29.79,5.31,69723,6865651,8,1.1391538426277923,7821032.718791345,8,1.1315220189094544,7768635.280647715,8,1.0974900329113007,7534983.5419475045
187,2020,8,D,_2,32.1,5.77,67803,7195300,8,1.1495026838239473,8271016.660918448,8,1.205345026254654,8672819.067410111,8,1.2015150272846222,8645261.075821042
188,2020,9,D,_1,29.79,5.31,70873,6978853,8,1.1431722296966813,7978030.944735373,8,1.1317710185050964,7898463.5678073475,8,1.091753032207489,7619183.924080332
189,2020,9,D,_2,32.1,5.77,68983,7320490,8,1.1503386027437186,8421042.237999365,8,1.1947770142555236,8746353.185087418,8,1.1856340169906616,8679421.965039968
190,2020,1,D,_1,29.79,5.31,72053,7095034,8,1.1459871686820648,8130817.925362986,8,1.1276000046730041,8000360.3715551235,8,1.0624070060253143,7537813.82958781
191,2020,1,D,_2,32.1,5.77,70133,7442470,8,1.151406839615732,8569310.861634897,8,1.1813160037994386,8791908.918797208,8,1.1556339943408966,8600771.333862294
192,2020,1,D,_1,29.79,5.31,72053,7095034,8,1.1459871686820648,8130817.925362986,8,1.1276000046730041,8000360.3715551235,8,1.0624070060253143,7537813.82958781
193,2020,1,D,_2,32.1,5.77,70133,7442470,8,1.151406839615732,8569310.861634897,8,1.1813160037994386,8791908.918797208,8,1.1556339943408966,8600771.333862294
194,2020,1,D,_1,29.79,5.31,73202,7208236,8,1.1493043252443949,8284456.812182356,8,1.1276000046730041,8128006.947284116,8,1.0624070060253143,7658080.427483887
195,2020,1,D,_2,32.1,5.77,71312,7567660,8,1.1526146372621973,8722595.68582364,8,1.1813160037994386,8939797.86931286,8,1.1476389944553376,8684941.71277988
196,2020,1,D,_1,29.79,5.31,73202,7208236,8,1.1493043252443949,8284456.812182356,8,1.1276000046730041,8128006.947284116,8,1.0624070060253143,7658080.427483887
197,2020,1,D,_2,32.1,5.77,71312,7567660,8,1.1526146372621973,8722595.68582364,8,1.1813160037994386,8939797.86931286,8,1.1476389944553376,8684941.71277988
198,2020,3,D,_3,47.77,8.48,71239,11249376,8,1.198423335227836,13481514.705151971,8,1.1501670038700105,12938661.089327203,8,1.0716420078277589,12055303.883449404
199,2020,6,D,_5,45.96,8.25,71121,10806789,8,1.1947153610766719,12911036.822214406,8,1.1429730105400084,12351868.157600647,8,1.0805510199069976,11677286.875869723
200,2020,8,C,_1,29.79,5.31,69723,6865651,9,1.1393928583976625,7822673.717650769,9,1.1360660088062287,7799832.729426493,9,1.1099639999866486,7620625.446472334
201,2020,8,C,_2,32.1,5.77,67803,7195300,9,1.149940248035101,8274165.066686963,9,1.2061690258979798,8678747.992043734,9,1.1883730387687683,8550700.525852919
202,2020,9,C,_1,29.79,5.31,70873,6978853,9,1.143197455650805,7978206.992960989,9,1.1363150084018707,7930175.4053304205,9,1.1042269992828369,7706237.906626023
203,2020,9,C,_2,32.1,5.77,68983,7320490,9,1.1505494663855929,8422585.86318107,9,1.1950340163707733,8748234.566502083,9,1.1830630314350128,8660601.090989696
204,2020,1,C,_1,29.79,5.31,72053,7095034,9,1.1463542147971335,8133422.130028965,9,1.129510999917984,8013918.947792093,9,1.0592050063610077,7515095.533101566
205,2020,1,C,_2,32.1,5.77,70133,7442470,9,1.1519564119568442,8573401.037296453,9,1.1844999957084656,8815605.683060383,9,1.1697339832782745,8705710.07852906
206,2020,1,C,_1,29.79,5.31,72053,7095034,9,1.1463542147971335,8133422.130028965,9,1.129510999917984,8013918.947792093,9,1.0592050063610077,7515095.533101566
207,2020,1,C,_2,32.1,5.77,70133,7442470,9,1.1519564119568442,8573401.037296453,9,1.1844999957084656,8815605.683060383,9,1.1697339832782745,8705710.07852906
208,2020,1,C,_1,29.79,5.31,73202,7208236,9,1.1495079566392246,8285924.635333298,9,1.129510999917984,8141781.852004809,9,1.0592050063610077,7634999.658231645
209,2020,1,C,_2,32.1,5.77,71312,7567660,9,1.152976471993694,8725333.928047797,9,1.1844999957084656,8963893.237523127,9,1.1624899840354919,8797328.95258603
210,2020,4,C,_5,45.96,8.25,67300,10226179,9,1.1940155471775118,12210216.714220181,9,1.1659130072593689,11922835.110662606,9,1.0625690197944642,10866020.996272733
211,2020,8,D,_1,29.79,5.31,69723,6865651,9,1.144076591347861,7854830.593464033,9,1.1315220189094544,7768635.280647715,9,1.0974900329113007,7534983.5419475045
212,2020,8,D,_2,32.1,5.77,67803,7195300,9,1.154180050321664,8304671.716079469,9,1.2027420234680175,8654089.681459427,9,1.200475025177002,8637777.948656082
213,2020,9,D,_1,29.79,5.31,70873,6978853,9,1.1470180507336234,8004870.3644165,9,1.1317710185050964,7898463.5678073475,9,1.091753032207489,7619183.924080332
214,2020,9,D,_2,32.1,5.77,68983,7320490,9,1.1545364520472847,8451772.551847627,9,1.1921740114688872,8727297.929217875,9,1.1845940148830414,8671808.640011156
215,2020,1,D,_1,29.79,5.31,72053,7095034,9,1.1489004494948245,8151487.751781062,9,1.1276000046730041,8000360.3715551235,9,1.0624070060253143,7537813.82958781
216,2020,1,D,_2,32.1,5.77,70133,7442470,9,1.1548267455078822,8594763.408640048,9,1.1784250009059907,8770392.716492807,9,1.1521839928627013,8575094.80136087
217,2020,1,D,_1,29.79,5.31,72053,7095034,9,1.1489004494948245,8151487.751781062,9,1.1276000046730041,8000360.3715551235,9,1.0624070060253143,7537813.82958781
218,2020,1,D,_2,32.1,5.77,70133,7442470,9,1.1548267455078822,8594763.408640048,9,1.1784250009059907,8770392.716492807,9,1.1521839928627013,8575094.80136087
219,2020,1,D,_1,29.79,5.31,73202,7208236,9,1.1514158591715822,8299677.247051529,9,1.1276000046730041,8128006.947284116,9,1.0624070060253143,7658080.427483887
220,2020,1,D,_2,32.1,5.77,71312,7567660,9,1.155433975331305,8743931.477755703,9,1.1784250009059907,8917919.74235623,9,1.1435739922523498,8654179.158208417
221,2020,1,D,_1,29.79,5.31,73202,7208236,9,1.1514158591715822,8299677.247051529,9,1.1276000046730041,8128006.947284116,9,1.0624070060253143,7658080.427483887
222,2020,1,D,_2,32.1,5.77,71312,7567660,9,1.155433975331305,8743931.477755703,9,1.1784250009059907,8917919.74235623,9,1.1435739922523498,8654179.158208417
223,2020,3,D,_3,47.77,8.48,71239,11249376,9,1.1998422992063802,13497477.164477073,9,1.1501670038700105,12938661.089327203,9,1.0716420078277589,12055303.883449404
224,2020,6,D,_5,45.96,8.25,71121,10806789,9,1.1959282862240428,12924144.648354838,9,1.1429730105400084,12351868.157600647,9,1.0805510199069976,11677286.875869723
225,2020,8,C,_1,29.79,5.31,69723,6865651,10,1.1447920887095158,7859742.948640576,10,1.1360660088062287,7799832.729426493,10,1.1099639999866486,7620625.446472334
226,2020,8,C,_2,32.1,5.77,67803,7195300,10,1.1547022895972507,8308429.384339098,10,1.2061690258979798,8678747.992043734,10,1.1879100382328034,8547369.09809649
227,2020,9,C,_1,29.79,5.31,70873,6978853,10,1.147446379649763,8007859.608957887,10,1.1363150084018707,7930175.4053304205,10,1.1042269992828369,7706237.906626023
228,2020,9,C,_2,32.1,5.77,68983,7320490,10,1.1548572939020392,8454121.271436939,10,1.1950340163707733,8748234.566502083,10,1.1826000308990479,8657211.700196171
229,2020,1,C,_1,29.79,5.31,72053,7095034,10,1.14956188532977,8156180.66151882,10,1.129510999917984,8013918.947792093,10,1.0592050063610077,7515095.533101566
230,2020,1,C,_2,32.1,5.77,70133,7442470,10,1.1554412329170236,8599336.712747961,10,1.1844999957084656,8815605.683060383,10,1.1697339832782745,8705710.07852906
231,2020,1,C,_1,29.79,5.31,72053,7095034,10,1.14956188532977,8156180.66151882,10,1.129510999917984,8013918.947792093,10,1.0592050063610077,7515095.533101566
232,2020,1,C,_2,32.1,5.77,70133,7442470,10,1.1554412329170236,8599336.712747961,10,1.1844999957084656,8815605.683060383,10,1.1697339832782745,8705710.07852906
233,2020,1,C,_1,29.79,5.31,73202,7208236,10,1.1518462484281187,8302779.594384508,10,1.129510999917984,8141781.852004809,10,1.0592050063610077,7634999.658231645
234,2020,1,C,_2,32.1,5.77,71312,7567660,10,1.1558675873450837,8747212.906047896,10,1.1844999957084656,8963893.237523127,10,1.1624899840354919,8797328.95258603
235,2020,4,C,_5,45.96,8.25,67300,10226179,10,1.1957290416276791,12227739.215183098,10,1.1659130072593689,11922835.110662606,10,1.0625690197944642,10866020.996272733
236,2020,8,D,_1,29.79,5.31,69723,6865651,10,1.1490269801344968,7888818.235187388,10,1.1315220189094544,7768635.280647715,10,1.0974900329113007,7534983.5419475045
237,2020,8,D,_2,32.1,5.77,67803,7195300,10,1.158868826084923,8338408.864328846,10,1.2027420234680175,8654089.681459427,10,1.198510023355484,8623639.171049714
238,2020,9,D,_1,29.79,5.31,70873,6978853,10,1.1508866885898115,8031869.019325072,10,1.1317710185050964,7898463.5678073475,10,1.091753032207489,7619183.924080332
239,2020,9,D,_2,32.1,5.77,68983,7320490,10,1.1587532251933883,8482641.397495948,10,1.1921740114688872,8727297.929217875,10,1.1826290130615233,8657423.863826752
240,2020,1,D,_1,29.79,5.31,72053,7095034,10,1.1517429212763124,8171655.18571476,10,1.1276000046730041,8000360.3715551235,10,1.0624070060253143,7537813.82958781
241,2020,1,D,_2,32.1,5.77,70133,7442470,10,1.1580699218985513,8618900.65163231,10,1.1784250009059907,8770392.716492807,10,1.1521839928627013,8575094.80136087
242,2020,1,D,_1,29.79,5.31,72053,7095034,10,1.1517429212763124,8171655.18571476,10,1.1276000046730041,8000360.3715551235,10,1.0624070060253143,7537813.82958781
243,2020,1,D,_2,32.1,5.77,70133,7442470,10,1.1580699218985513,8618900.65163231,10,1.1784250009059907,8770392.716492807,10,1.1521839928627013,8575094.80136087
244,2020,1,D,_1,29.79,5.31,73202,7208236,10,1.1534705134665726,8314487.680108233,10,1.1276000046730041,8128006.947284116,10,1.0624070060253143,7658080.427483887
245,2020,1,D,_2,32.1,5.77,71312,7567660,10,1.1580940347280233,8764061.902849874,10,1.1784250009059907,8917919.74235623,10,1.1435739922523498,8654179.158208417
246,2020,1,D,_1,29.79,5.31,73202,7208236,10,1.1534705134665726,8314487.680108233,10,1.1276000046730041,8128006.947284116,10,1.0624070060253143,7658080.427483887
247,2020,1,D,_2,32.1,5.77,71312,7567660,10,1.1580940347280233,8764061.902849874,10,1.1784250009059907,8917919.74235623,10,1.1435739922523498,8654179.158208417
248,2020,3,D,_3,47.77,8.48,71239,11249376,10,1.1996553867559978,13495374.516043639,10,1.1501670038700105,12938661.089327203,10,1.0716420078277589,12055303.883449404
249,2020,6,D,_5,45.96,8.25,71121,10806789,10,1.1957508006360744,12922226.599055123,10,1.1429730105400084,12351868.157600647,10,1.0805510199069976,11677286.875869723
250,2020,8,C,_1,29.79,5.31,69723,6865651,11,1.1498757671095001,7894645.710331107,11,1.1360660088062287,7799832.729426493,11,1.1099639999866486,7620625.446472334
251,2020,8,C,_2,32.1,5.77,67803,7195300,11,1.1591738961384042,8340603.934884659,11,1.2070940256118774,8685403.642485142,11,1.2017160367965698,8646707.399562359
252,2020,9,C,_1,29.79,5.31,70873,6978853,11,1.1514493063690845,8035795.446101804,11,1.1363150084018707,7930175.4053304205,11,1.1042269992828369,7706237.906626023
253,2020,9,C,_2,32.1,5.77,68983,7320490,11,1.1589105520040186,8483793.106839899,11,1.195959016084671,8755006.017657673,11,1.1987210321426391,8775225.328589868
254,2020,1,C,_1,29.79,5.31,72053,7095034,11,1.1524964419514314,8177001.440524432,11,1.129510999917984,8013918.947792093,11,1.0592050063610077,7515095.533101566
255,2020,1,C,_2,32.1,5.77,70133,7442470,11,1.1585340407576843,8622354.842317842,11,1.1854249954223632,8822489.965681076,11,1.1849869883060455,8819230.110858094
256,2020,1,C,_1,29.79,5.31,72053,7095034,11,1.1524964419514314,8177001.440524432,11,1.129510999917984,8013918.947792093,11,1.0592050063610077,7515095.533101566
257,2020,1,C,_2,32.1,5.77,70133,7442470,11,1.1585340407576843,8622354.842317842,11,1.1854249954223632,8822489.965681076,11,1.1849869883060455,8819230.110858094
258,2020,1,C,_1,29.79,5.31,73202,7208236,11,1.1539809557687892,8318167.068686994,11,1.129510999917984,8141781.852004809,11,1.0592050063610077,7634999.658231645
259,2020,1,C,_2,32.1,5.77,71312,7567660,11,1.1584213354300847,8766538.803280836,11,1.1854249954223632,8970893.320858002,11,1.1788039886951447,8920787.793088699
260,2020,4,C,_5,45.96,8.25,67300,10226179,11,1.195656441146394,12226996.78966599,11,1.1659130072593689,11922835.110662606,11,1.0625690197944642,10866020.996272733
261,2020,8,D,_1,29.79,5.31,69723,6865651,11,1.1537565395387983,7921289.73944109,11,1.1315220189094544,7768635.280647715,11,1.0974900329113007,7534983.5419475045
262,2020,8,D,_2,32.1,5.77,67803,7195300,11,1.1633538796474014,8370680.170226947,11,1.2036670231819153,8660745.331900835,11,1.2123160219192506,8722977.472515583
263,2020,9,D,_1,29.79,5.31,70873,6978853,11,1.1545838219786426,8057670.769767116,11,1.1317710185050964,7898463.5678073475,11,1.091753032207489,7619183.924080332
264,2020,9,D,_2,32.1,5.77,68983,7320490,11,1.1627945244971427,8512225.688636089,11,1.193099011182785,8734069.380373467,11,1.1987500143051149,8775437.49222045
265,2020,1,D,_1,29.79,5.31,72053,7095034,11,1.1543688047786251,8190285.918443708,11,1.1276000046730041,8000360.3715551235,11,1.0624070060253143,7537813.82958781
266,2020,1,D,_2,32.1,5.77,70133,7442470,11,1.160985973525435,8640603.278383845,11,1.1793500006198883,8777276.9991135,11,1.1674369978904724,8688614.833689904
267,2020,1,D,_1,29.79,5.31,72053,7095034,11,1.1543688047786251,8190285.918443708,11,1.1276000046730041,8000360.3715551235,11,1.0624070060253143,7537813.82958781
268,2020,1,D,_2,32.1,5.77,70133,7442470,11,1.160985973525435,8640603.278383845,11,1.1793500006198883,8777276.9991135,11,1.1674369978904724,8688614.833689904
269,2020,1,D,_1,29.79,5.31,73202,7208236,11,1.1553627860962739,8328127.627799461,11,1.1276000046730041,8128006.947284116,11,1.0624070060253143,7658080.427483887
270,2020,1,D,_2,32.1,5.77,71312,7567660,11,1.1604710194369368,8782050.114952128,11,1.1793500006198883,8924919.825691104,11,1.1598879969120026,8777637.998711085
271,2020,1,D,_1,29.79,5.31,73202,7208236,11,1.1553627860962739,8328127.627799461,11,1.1276000046730041,8128006.947284116,11,1.0624070060253143,7658080.427483887
272,2020,1,D,_2,32.1,5.77,71312,7567660,11,1.1604710194369368,8782050.114952128,11,1.1793500006198883,8924919.825691104,11,1.1598879969120026,8777637.998711085
273,2020,3,D,_3,47.77,8.48,71239,11249376,11,1.197976925012164,13476492.868785636,11,1.1501670038700105,12938661.089327203,11,1.0716420078277589,12055303.883449404
274,2020,6,D,_5,45.96,8.25,71121,10806789,11,1.1942822020183577,12906355.763667766,11,1.1429730105400084,12351868.157600647,11,1.0805510199069976,11677286.875869723
275,2020,8,C,_1,29.79,5.31,69723,6865651,12,1.1544351183531747,7925948.624756592,12,1.1360660088062287,7799832.729426493,12,1.1116400003433227,7632132.279997134
276,2020,8,C,_2,32.1,5.77,67803,7195300,12,1.1631775437975829,8369411.380886748,12,1.2070940256118774,8685403.642485142,12,1.2094570362567902,8702406.212978482
277,2020,9,C,_1,29.79,5.31,70873,6978853,12,1.1550416327366273,8060865.763748909,12,1.1363150084018707,7930175.4053304205,12,1.105902999639511,7717934.466743201
278,2020,9,C,_2,32.1,5.77,68983,7320490,12,1.1625468326514024,8510412.462956265,12,1.195959016084671,8755006.017657673,12,1.2069250321388245,8835282.628521943
279,2020,1,C,_1,29.79,5.31,72053,7095034,12,1.15504487333301,8195082.6478234,12,1.129510999917984,8013918.947792093,12,1.060881006717682,7526986.812616182
280,2020,1,C,_2,32.1,5.77,70133,7442470,12,1.161129197786977,8641669.220653644,12,1.1854249954223632,8822489.965681076,12,1.1907989919185638,8862485.773384154
281,2020,1,C,_1,29.79,5.31,72053,7095034,12,1.15504487333301,8195082.6478234,12,1.129510999917984,8013918.947792093,12,1.060881006717682,7526986.812616182
282,2020,1,C,_2,32.1,5.77,70133,7442470,12,1.161129197786977,8641669.220653644,12,1.1854249954223632,8822489.965681076,12,1.1907989919185638,8862485.773384154
283,2020,1,C,_1,29.79,5.31,73202,7208236,12,1.1558303256715612,8331497.763397472,12,1.129510999917984,8141781.852004809,12,1.060881006717682,7647080.664338637
284,2020,1,C,_2,32.1,5.77,71312,7567660,12,1.1605514096124059,8782658.48046742,12,1.1854249954223632,8970893.320858002,12,1.184615992307663,8964771.060347008
285,2020,4,C,_5,45.96,8.25,67300,10226179,12,1.1940142316285565,12210203.26118108,12,1.1659130072593689,11922835.110662606,12,1.0625690197944642,10866020.996272733
286,2020,8,D,_1,29.79,5.31,69723,6865651,12,1.1580610424423625,7950842.954105449,12,1.1315220189094544,7768635.280647715,12,1.099166033267975,7546490.375472305
287,2020,8,D,_2,32.1,5.77,67803,7195300,12,1.1674467033759526,8400129.264800992,12,1.2036670231819153,8660745.331900835,12,1.2247980237007141,8812789.219933748
288,2020,9,D,_1,29.79,5.31,70873,6978853,12,1.1579498268553399,8081161.622998869,12,1.1317710185050964,7898463.5678073475,12,1.0934290325641631,7630880.484197508
289,2020,9,D,_2,32.1,5.77,68983,7320490,12,1.1664891805744697,8539272.3815036,12,1.193099011182785,8734069.380373467,12,1.2116950166225433,8870201.252235161
290,2020,1,D,_1,29.79,5.31,72053,7095034,12,1.1566718151901443,8206625.85561579,12,1.1276000046730041,8000360.3715551235,12,1.0640830063819886,7549705.109102426
291,2020,1,D,_2,32.1,5.77,70133,7442470,12,1.1634689576255297,8659082.813059276,12,1.1793500006198883,8777276.9991135,12,1.1766010022163391,8756817.660965037
292,2020,1,D,_1,29.79,5.31,72053,7095034,12,1.1566718151901443,8206625.85561579,12,1.1276000046730041,8000360.3715551235,12,1.0640830063819886,7549705.109102426
293,2020,1,D,_2,32.1,5.77,70133,7442470,12,1.1634689576255297,8659082.813059276,12,1.1793500006198883,8777276.9991135,12,1.1766010022163391,8756817.660965037
294,2020,1,D,_1,29.79,5.31,73202,7208236,12,1.1570166742811252,8340049.244153481,12,1.1276000046730041,8128006.947284116,12,1.0640830063819886,7670161.43359088
295,2020,1,D,_2,32.1,5.77,71312,7567660,12,1.1624797381966314,8797251.41556112,12,1.1793500006198883,8924919.825691104,12,1.1690520012378693,8846988.067687774
296,2020,1,D,_1,29.79,5.31,73202,7208236,12,1.1570166742811252,8340049.244153481,12,1.1276000046730041,8128006.947284116,12,1.0640830063819886,7670161.43359088
297,2020,1,D,_2,32.1,5.77,71312,7567660,12,1.1624797381966314,8797251.41556112,12,1.1793500006198883,8924919.825691104,12,1.1690520012378693,8846988.067687774
298,2020,3,D,_3,47.77,8.48,71239,11249376,12,1.1950536805341347,13443608.192512363,12,1.1501670038700105,12938661.089327203,12,1.0716420078277589,12055303.883449404
299,2020,6,D,_5,45.96,8.25,71121,10806789,12,1.1917348450355396,12878827.014246775,12,1.1429730105400084,12351868.157600647,12,1.0805510199069976,11677286.875869723
300,2020,8,C,_1,29.79,5.31,69723,6865651,13,1.1583295260874733,7952686.269111987,13,1.1351550102233887,7793578.131095219,13,1.1116400003433227,7632132.279997134
301,2020,8,C,_2,32.1,5.77,67803,7195300,13,1.1665830080268513,8393914.717655603,13,1.2064790272712707,8680978.544924974,13,1.2184110355377198,8766832.924004555
302,2020,9,C,_1,29.79,5.31,70873,6978853,13,1.158112505331482,8082296.932170129,13,1.1354040098190308,7923817.680137573,13,1.105902999639511,7717934.466743201
303,2020,9,C,_2,32.1,5.77,68983,7320490,13,1.1656462628443174,8533101.810689198,13,1.1953440177440644,8750503.928455247,13,1.216805032491684,8907609.072305048
304,2020,1,C,_1,29.79,5.31,72053,7095034,13,1.157145452299177,8209986.32700804,13,1.1289250016212464,8009761.269952798,13,1.060881006717682,7526986.812616182
305,2020,1,C,_2,32.1,5.77,70133,7442470,13,1.1631758733729247,8656901.54230179,13,1.1860519969463348,8827156.405713188,13,1.1975359952449798,8912625.718530905
306,2020,1,C,_1,29.79,5.31,72053,7095034,13,1.157145452299177,8209986.32700804,13,1.1289250016212464,8009761.269952798,13,1.060881006717682,7526986.812616182
307,2020,1,C,_2,32.1,5.77,70133,7442470,13,1.1631758733729247,8656901.54230179,13,1.1860519969463348,8827156.405713188,13,1.1975359952449798,8912625.718530905
308,2020,1,C,_1,29.79,5.31,73202,7208236,13,1.1573506476695545,8342456.603154999,13,1.1289250016212464,8137557.837986327,13,1.060881006717682,7647080.664338637
309,2020,1,C,_2,32.1,5.77,71312,7567660,13,1.162218591678521,8795275.147501877,13,1.1860519969463348,8975638.2552109,13,1.191352995634079,9015754.410940195
310,2020,4,C,_5,45.96,8.25,67300,10226179,13,1.1911417074357349,12180828.314603455,13,1.163909009695053,11902341.872854348,13,1.0625690197944642,10866020.996272733
311,2020,8,D,_1,29.79,5.31,69723,6865651,13,1.1617883268418934,7976433.187970372,13,1.1306110203266144,7762380.682316441,13,1.099166033267975,7546490.375472305
312,2020,8,D,_2,32.1,5.77,67803,7195300,13,1.1709915838180711,8425635.743046166,13,1.2024760246276855,8652175.740003586,13,1.2356040251255036,8890541.641985536
313,2020,9,D,_1,29.79,5.31,70873,6978853,13,1.1608658859832919,8101512.370992155,13,1.1308600199222565,7892105.8426145,13,1.0934290325641631,7630880.484197508
314,2020,9,D,_2,32.1,5.77,68983,7320490,13,1.1696950689800043,8562741.055517431,13,1.1919080126285553,8725350.687367212,13,1.2234270191192627,8956085.259192372
315,2020,1,D,_1,29.79,5.31,72053,7095034,13,1.1585878132243463,8220219.926812387,13,1.1270140063762666,7996202.6937158285,13,1.0640830063819886,7549705.109102426
316,2020,1,D,_2,32.1,5.77,70133,7442470,13,1.1654574361164018,8673882.004573237,13,1.1796890020370483,8779800.006990671,13,1.1833380055427551,8806957.60611179
317,2020,1,D,_1,29.79,5.31,72053,7095034,13,1.1585878132243463,8220219.926812387,13,1.1270140063762666,7996202.6937158285,13,1.0640830063819886,7549705.109102426
318,2020,1,D,_2,32.1,5.77,70133,7442470,13,1.1654574361164018,8673882.004573237,13,1.1796890020370483,8779800.006990671,13,1.1833380055427551,8806957.60611179
319,2020,1,D,_1,29.79,5.31,73202,7208236,13,1.158387445890117,8349930.089413194,13,1.1270140063762666,8123782.933265635,13,1.0640830063819886,7670161.43359088
320,2020,1,D,_2,32.1,5.77,71312,7567660,13,1.1640733408121164,8809311.25833022,13,1.1796890020370483,8927485.27315569,13,1.1757890045642854,8897971.41828096
321,2020,1,D,_1,29.79,5.31,73202,7208236,13,1.158387445890117,8349930.089413194,13,1.1270140063762666,8123782.933265635,13,1.0640830063819886,7670161.43359088
322,2020,1,D,_2,32.1,5.77,71312,7567660,13,1.1640733408121164,8809311.25833022,13,1.1796890020370483,8927485.27315569,13,1.1757890045642854,8897971.41828096
323,2020,3,D,_3,47.77,8.48,71239,11249376,13,1.1912211715572456,13400494.858007962,13,1.1495810055732727,12932068.97415184,13,1.0716420078277589,12055303.883449404
324,2020,6,D,_5,45.96,8.25,71121,10806789,13,1.1883965297917927,12842750.545792118,13,1.1413500118255615,12334328.752946349,13,1.0805510199069976,11677286.875869723
325,2020,8,C,_1,29.79,5.31,69723,6865651,14,1.1614837128918138,7974341.814899394,14,1.153961011171341,7922693.570309528,14,1.1116400003433227,7632132.279997134
326,2020,8,C,_2,32.1,5.77,67803,7195300,14,1.1693063117637634,8413509.705033807,14,1.229625027179718,8847520.958066225,14,1.2273650348186493,8831259.635030627
327,2020,9,C,_1,29.79,5.31,70873,6978853,14,1.1606026137152679,8099675.032534638,14,1.153961011171341,8053324.264696146,14,1.105902999639511,7717934.466743201
328,2020,9,C,_2,32.1,5.77,68983,7320490,14,1.1681308356419808,8551290.101008764,14,1.2224540197849274,8948962.427295363,14,1.2266850328445436,8979935.516088152
329,2020,1,C,_1,29.79,5.31,72053,7095034,14,1.1587824580691581,8221600.9386042515,14,1.1490140044689179,8152293.428183124,14,1.060881006717682,7526986.812616182
330,2020,1,C,_2,32.1,5.77,70133,7442470,14,1.1646699907027718,8668021.465705657,14,1.206537002325058,8979615.443694174,14,1.202901999950409,8952562.04757092
331,2020,1,C,_1,29.79,5.31,72053,7095034,14,1.1587824580691581,8221600.9386042515,14,1.1490140044689179,8152293.428183124,14,1.060881006717682,7526986.812616182
332,2020,1,C,_2,32.1,5.77,70133,7442470,14,1.1646699907027718,8668021.465705657,14,1.206537002325058,8979615.443694174,14,1.202901999950409,8952562.04757092
333,2020,1,C,_1,29.79,5.31,73202,7208236,14,1.1585321881113355,8350973.425502901,14,1.1490140044689179,8282364.111517015,14,1.060881006717682,7647080.664338637
334,2020,1,C,_2,32.1,5.77,71312,7567660,14,1.1634235596782054,8804393.935634369,14,1.206537002325058,9130661.811015248,14,1.196719000339508,9056362.510109281
335,2020,4,C,_5,45.96,8.25,67300,10226179,14,1.1874406870387857,12142981.017541602,14,1.1804870140552521,12071871.512904525,14,1.0625690197944642,10866020.996272733
336,2020,8,D,_1,29.79,5.31,69723,6865651,14,1.1648395151891464,7997381.582297878,14,1.1510080218315124,7902419.376095545,14,1.099166033267975,7546490.375472305
337,2020,8,D,_2,32.1,5.77,67803,7195300,14,1.173869099298197,8446340.330180317,14,1.2290020275115967,8843038.288554192,14,1.244332025051117,8953342.219850302
338,2020,9,D,_1,29.79,5.31,70873,6978853,14,1.1632549121503246,8118185.033425029,14,1.1510080218315124,8032715.786182916,14,1.0934290325641631,7630880.484197508
339,2020,9,D,_2,32.1,5.77,68983,7320490,14,1.1723025499755344,8581829.0940704,14,1.2223250186443329,8948018.075735653,14,1.2344080209732056,9036471.573454142
340,2020,1,D,_1,29.79,5.31,72053,7095034,14,1.1600916483457202,8230889.688128929,14,1.1471660101413728,8139181.8455973845,14,1.0640830063819886,7549705.109102426
341,2020,1,D,_2,32.1,5.77,70133,7442470,14,1.166929299430498,8684836.303132499,14,1.2027120077610016,8951148.036401022,14,1.1887040102481843,8846893.935151804
342,2020,1,D,_1,29.79,5.31,72053,7095034,14,1.1600916483457202,8230889.688128929,14,1.1471660101413728,8139181.8455973845,14,1.0640830063819886,7549705.109102426
343,2020,1,D,_2,32.1,5.77,70133,7442470,14,1.166929299430498,8684836.303132499,14,1.2027120077610016,8951148.036401022,14,1.1887040102481843,8846893.935151804
344,2020,1,D,_1,29.79,5.31,73202,7208236,14,1.1594590839425358,8357654.709401608,14,1.1471660101413728,8269043.332277408,14,1.0640830063819886,7670161.43359088
345,2020,1,D,_2,32.1,5.77,71312,7567660,14,1.1652384693504803,8818128.554964855,14,1.2027120077610016,9101715.552652622,14,1.1811550092697143,8938579.517450046
346,2020,1,D,_1,29.79,5.31,73202,7208236,14,1.1594590839425358,8357654.709401608,14,1.1471660101413728,8269043.332277408,14,1.0640830063819886,7670161.43359088
347,2020,1,D,_2,32.1,5.77,71312,7567660,14,1.1652384693504803,8818128.554964855,14,1.2027120077610016,9101715.552652622,14,1.1811550092697143,8938579.517450046
348,2020,3,D,_3,47.77,8.48,71239,11249376,14,1.1868520721752231,13351345.216278223,14,1.1697550094127656,13159013.928767739,14,1.0716420078277589,12055303.883449404
349,2020,6,D,_5,45.96,8.25,71121,10806789,14,1.184586260800146,12801573.77276615,14,1.164127014875412,12580475.018958438,14,1.0805510199069976,11677286.875869723
350,2020,8,C,_1,29.79,5.31,69723,6865651,15,1.1638791148973022,7990787.809073778,15,1.153961011171341,7922693.570309528,15,1.113316000699997,7643639.1135219345
351,2020,8,C,_2,32.1,5.77,67803,7195300,15,1.1713061511020402,8427899.149024509,15,1.229625027179718,8847520.958066225,15,1.2360320353507996,8893621.303959608
352,2020,9,C,_1,29.79,5.31,70873,6978853,15,1.1624973767633953,8112898.305317352,15,1.153961011171341,8053324.264696146,15,1.1075789999961854,7729631.026860379
353,2020,9,C,_2,32.1,5.77,68983,7320490,15,1.169961398185259,8564690.715801207,15,1.2224540197849274,8948962.427295363,15,1.2362780344486237,9050160.988400806
354,2020,1,C,_1,29.79,5.31,72053,7095034,15,1.1599764485680788,8230072.34178977,15,1.1490140044689179,8152293.428183124,15,1.0625570070743562,7538878.092130798
355,2020,1,C,_2,32.1,5.77,70133,7442470,15,1.1656427150010074,8675260.937113548,15,1.206537002325058,8979615.443694174,15,1.2091600024700164,8999137.043583022
356,2020,1,C,_1,29.79,5.31,72053,7095034,15,1.1599764485680788,8230072.34178977,15,1.1490140044689179,8152293.428183124,15,1.0625570070743562,7538878.092130798
357,2020,1,C,_2,32.1,5.77,70133,7442470,15,1.1656427150010074,8675260.937113548,15,1.206537002325058,8979615.443694174,15,1.2091600024700164,8999137.043583022
358,2020,1,C,_1,29.79,5.31,73202,7208236,15,1.1593918168572679,8357169.832375965,15,1.1490140044689179,8282364.111517015,15,1.0625570070743562,7659161.670445629
359,2020,1,C,_2,32.1,5.77,71312,7567660,15,1.1641966673052908,8810244.551299557,15,1.206537002325058,9130661.811015248,15,1.2040380024909973,9111750.229931021
360,2020,4,C,_5,45.96,8.25,67300,10226179,15,1.1833159860944853,12100801.087363718,15,1.1804870140552521,12071871.512904525,15,1.0625690197944642,10866020.996272733
361,2020,8,D,_1,29.79,5.31,69723,6865651,15,1.1671658397561906,8013353.31488793,15,1.1510080218315124,7902419.376095545,15,1.100842033624649,7557997.208997104
362,2020,8,D,_2,32.1,5.77,67803,7195300,15,1.175998559489433,8461662.435094317,15,1.2290020275115967,8843038.288554192,15,1.2588390266895295,9057724.448739171
363,2020,9,D,_1,29.79,5.31,70873,6978853,15,1.1650790164829279,8130915.189418931,15,1.1510080218315124,8032715.786182916,15,1.0951050329208374,7642577.044314684
364,2020,9,D,_2,32.1,5.77,68983,7320490,15,1.1742369392736642,8595989.771583466,15,1.2223250186443329,8948018.075735653,15,1.250417023897171,9153665.319269001
365,2020,1,D,_1,29.79,5.31,72053,7095034,15,1.1611902336392008,8238684.188138073,15,1.1471660101413728,8139181.8455973845,15,1.0657590067386626,7561596.388617041
366,2020,1,D,_2,32.1,5.77,70133,7442470,15,1.1678939909895014,8692015.991119634,15,1.2027120077610016,8951148.036401022,15,1.199239013195038,8925300.378533674
367,2020,1,D,_1,29.79,5.31,72053,7095034,15,1.1611902336392008,8238684.188138073,15,1.1471660101413728,8139181.8455973845,15,1.0657590067386626,7561596.388617041
368,2020,1,D,_2,32.1,5.77,70133,7442470,15,1.1678939909895014,8692015.991119634,15,1.2027120077610016,8951148.036401022,15,1.199239013195038,8925300.378533674
369,2020,1,D,_1,29.79,5.31,73202,7208236,15,1.1602389321080944,8363276.039023122,15,1.1471660101413728,8269043.332277408,15,1.0657590067386626,7682242.439697871
370,2020,1,D,_2,32.1,5.77,71312,7567660,15,1.165988107456191,8823801.561271919,15,1.2027120077610016,9101715.552652622,15,1.1927510118484497,9026334.122325039
371,2020,1,D,_1,29.79,5.31,73202,7208236,15,1.1602389321080944,8363276.039023122,15,1.1471660101413728,8269043.332277408,15,1.0657590067386626,7682242.439697871
372,2020,1,D,_2,32.1,5.77,71312,7567660,15,1.165988107456191,8823801.561271919,15,1.2027120077610016,9101715.552652622,15,1.1927510118484497,9026334.122325039
373,2020,3,D,_3,47.77,8.48,71239,11249376,15,1.1823066085190224,13300211.586515285,15,1.1697550094127656,13159013.928767739,15,1.0716420078277589,12055303.883449404
374,2020,6,D,_5,45.96,8.25,71121,10806789,15,1.1806119135943653,12758623.841100538,15,1.164127014875412,12580475.018958438,15,1.0805510199069976,11677286.875869723
375,2020,8,C,_1,29.79,5.31,69723,6865651,16,1.1655426586319753,8002209.119779279,16,1.153961011171341,7922693.570309528,16,1.113316000699997,7643639.1135219345
376,2020,8,C,_2,32.1,5.77,67803,7195300,16,1.172579732676046,8437062.950523954,16,1.229625027179718,8847520.958066225,16,1.240134035348892,8923136.424545884
377,2020,9,C,_1,29.79,5.31,70873,6978853,16,1.1638180529988977,8122115.110625517,16,1.153961011171341,8053324.264696146,16,1.1075789999961854,7729631.026860379
378,2020,9,C,_2,32.1,5.77,68983,7320490,16,1.1711340246745496,8573274.916289793,16,1.2224540197849274,8948962.427295363,16,1.2403800344467164,9080189.638366843
379,2020,1,C,_1,29.79,5.31,72053,7095034,16,1.1607728538451607,8235722.864308446,16,1.1490140044689179,8152293.428183124,16,1.0625570070743562,7538878.092130798
380,2020,1,C,_2,32.1,5.77,70133,7442470,16,1.166148542348607,8679025.541973237,16,1.206537002325058,8979615.443694174,16,1.2120660042762756,9020764.874846052
381,2020,1,C,_1,29.79,5.31,72053,7095034,16,1.1607728538451607,8235722.864308446,16,1.1490140044689179,8152293.428183124,16,1.0625570070743562,7538878.092130798
382,2020,1,C,_2,32.1,5.77,70133,7442470,16,1.166148542348607,8679025.541973237,16,1.206537002325058,8979615.443694174,16,1.2120660042762756,9020764.874846052
383,2020,1,C,_1,29.79,5.31,73202,7208236,16,1.1599643989267563,8361297.139062206,16,1.1490140044689179,8282364.111517015,16,1.0625570070743562,7659161.670445629
384,2020,1,C,_2,32.1,5.77,71312,7567660,16,1.1645873650428233,8813201.218939973,16,1.206537002325058,9130661.811015248,16,1.2069440042972566,9133741.863560177
385,2020,4,C,_5,45.96,8.25,67300,10226179,16,1.1791266998414833,12057960.69625828,16,1.1804870140552521,12071871.512904525,16,1.0625690197944642,10866020.996272733
386,2020,8,D,_1,29.79,5.31,69723,6865651,16,1.1687632045479888,8024320.264068103,16,1.1510080218315124,7902419.376095545,16,1.100842033624649,7557997.208997104
387,2020,8,D,_2,32.1,5.77,67803,7195300,16,1.1773402311393082,8471316.165116664,16,1.2290020275115967,8843038.288554192,16,1.2705710291862489,9142139.726303816
388,2020,9,D,_1,29.79,5.31,70873,6978853,16,1.166335195362393,8139681.8771604225,16,1.1510080218315124,8032715.786182916,16,1.0951050329208374,7642577.044314684
389,2020,9,D,_2,32.1,5.77,68983,7320490,16,1.1754607335509613,8604948.545352476,16,1.2223250186443329,8948018.075735653,16,1.2621490263938904,9239549.32622621
390,2020,1,D,_1,29.79,5.31,72053,7095034,16,1.161914047995409,8243819.67560506,16,1.1471660101413728,8139181.8455973845,16,1.0657590067386626,7561596.388617041
391,2020,1,D,_2,32.1,5.77,70133,7442470,16,1.168384481469194,8695666.451800032,16,1.2027120077610016,8951148.036401022,16,1.2073470151424408,8985643.93978716
392,2020,1,D,_1,29.79,5.31,72053,7095034,16,1.161914047995409,8243819.67560506,16,1.1471660101413728,8139181.8455973845,16,1.0657590067386626,7561596.388617041
393,2020,1,D,_2,32.1,5.77,70133,7442470,16,1.168384481469194,8695666.451800032,16,1.2027120077610016,8951148.036401022,16,1.2073470151424408,8985643.93978716
394,2020,1,D,_1,29.79,5.31,73202,7208236,16,1.1607511928001861,8366968.534985242,16,1.1471660101413728,8269043.332277408,16,1.0657590067386626,7682242.439697871
395,2020,1,D,_2,32.1,5.77,71312,7567660,16,1.166354205161882,8826572.064235369,16,1.2027120077610016,9101715.552652622,16,1.2008590137958526,9087692.724342322
396,2020,1,D,_1,29.79,5.31,73202,7208236,16,1.1607511928001861,8366968.534985242,16,1.1471660101413728,8269043.332277408,16,1.0657590067386626,7682242.439697871
397,2020,1,D,_2,32.1,5.77,71312,7567660,16,1.166354205161882,8826572.064235369,16,1.2027120077610016,9101715.552652622,16,1.2008590137958526,9087692.724342322
398,2020,3,D,_3,47.77,8.48,71239,11249376,16,1.17789304754727,13250561.779645117,16,1.1697550094127656,13159013.928767739,16,1.0716420078277589,12055303.883449404
399,2020,6,D,_5,45.96,8.25,71121,10806789,16,1.176736747483617,12716745.73860173,16,1.164127014875412,12580475.018958438,16,1.0805510199069976,11677286.875869723
400,2020,8,C,_1,29.79,5.31,69723,6865651,17,1.1665353828996148,8009024.818140123,17,1.153961011171341,7922693.570309528,17,1.113316000699997,7643639.1135219345
401,2020,8,C,_2,32.1,5.77,67803,7195300,17,1.173158900429079,8441230.236257352,17,1.229625027179718,8847520.958066225,17,1.2430230355262757,8943923.647522211
402,2020,9,C,_1,29.79,5.31,70873,6978853,17,1.1646127120031218,8127660.919001122,17,1.153961011171341,8053324.264696146,17,1.1075789999961854,7729631.026860379
403,2020,9,C,_2,32.1,5.77,68983,7320490,17,1.171676565853268,8577246.58356319,17,1.2224540197849274,8948962.427295363,17,1.2432690346240998,9101338.535275375
404,2020,1,C,_1,29.79,5.31,72053,7095034,17,1.1612311703254188,8238974.635318637,17,1.1490140044689179,8152293.428183124,17,1.0625570070743562,7538878.092130798
405,2020,1,C,_2,32.1,5.77,70133,7442470,17,1.1662551281458826,8679818.803571887,17,1.206537002325058,8979615.443694174,17,1.2132960057258606,9029919.123734545
406,2020,1,C,_1,29.79,5.31,72053,7095034,17,1.1612311703254188,8238974.635318637,17,1.1490140044689179,8152293.428183124,17,1.0625570070743562,7538878.092130798
407,2020,1,C,_2,32.1,5.77,70133,7442470,17,1.1662551281458826,8679818.803571887,17,1.206537002325058,8979615.443694174,17,1.2132960057258606,9029919.123734545
408,2020,1,C,_1,29.79,5.31,73202,7208236,17,1.1602946641827774,8363677.768970206,17,1.1490140044689179,8282364.111517015,17,1.0625570070743562,7659161.670445629
409,2020,1,C,_2,32.1,5.77,71312,7567660,17,1.1646551636452127,8813714.295711331,17,1.206537002325058,9130661.811015248,17,1.2081740057468415,9143050.096330144
410,2020,4,C,_5,45.96,8.25,67300,10226179,17,1.1751543849392174,12017339.093023341,17,1.1804870140552521,12071871.512904525,17,1.0625690197944642,10866020.996272733
411,2020,8,D,_1,29.79,5.31,69723,6865651,17,1.1696659237530984,8030518.019081384,17,1.1510080218315124,7902419.376095545,17,1.100842033624649,7557997.208997104
412,2020,8,D,_2,32.1,5.77,67803,7195300,17,1.1778971191379388,8475323.141333211,17,1.2290020275115967,8843038.288554192,17,1.2782000303268433,9197032.678210735
413,2020,9,D,_1,29.79,5.31,70873,6978853,17,1.167050372871782,8144672.995867355,17,1.1510080218315124,8032715.786182916,17,1.0951050329208374,7642577.044314684
414,2020,9,D,_2,32.1,5.77,68983,7320490,17,1.1759753605127166,8608715.866879737,17,1.2223250186443329,8948018.075735653,17,1.2705290281772614,9300895.045481361
415,2020,1,D,_1,29.79,5.31,72053,7095034,17,1.162308855148252,8246620.845777924,17,1.1471660101413728,8139181.8455973845,17,1.0657590067386626,7561596.388617041
416,2020,1,D,_2,32.1,5.77,70133,7442470,17,1.1684504757865708,8696157.61252728,17,1.2027120077610016,8951148.036401022,17,1.2128540170192719,9026629.63604542
417,2020,1,D,_1,29.79,5.31,72053,7095034,17,1.162308855148252,8246620.845777924,17,1.1471660101413728,8139181.8455973845,17,1.0657590067386626,7561596.388617041
418,2020,1,D,_2,32.1,5.77,70133,7442470,17,1.1684504757865708,8696157.61252728,17,1.2027120077610016,8951148.036401022,17,1.2128540170192719,9026629.63604542
419,2020,1,D,_1,29.79,5.31,73202,7208236,17,1.1610306335485148,8368982.809847211,17,1.1471660101413728,8269043.332277408,17,1.0657590067386626,7682242.439697871
420,2020,1,D,_2,32.1,5.77,71312,7567660,17,1.1663814362783962,8826778.140066568,17,1.2027120077610016,9101715.552652622,17,1.2063660156726836,9129367.84216554
421,2020,1,D,_1,29.79,5.31,73202,7208236,17,1.1610306335485148,8368982.809847211,17,1.1471660101413728,8269043.332277408,17,1.0657590067386626,7682242.439697871
422,2020,1,D,_2,32.1,5.77,71312,7567660,17,1.1663814362783962,8826778.140066568,17,1.2027120077610016,9101715.552652622,17,1.2063660156726836,9129367.84216554
423,2020,3,D,_3,47.77,8.48,71239,11249376,17,1.173843078014313,13205002.14958034,17,1.1697550094127656,13159013.928767739,17,1.0716420078277589,12055303.883449404
424,2020,6,D,_5,45.96,8.25,71121,10806789,17,1.1731588061841185,12678079.681923663,17,1.164127014875412,12580475.018958438,17,1.0805510199069976,11677286.875869723
425,2020,8,C,_1,29.79,5.31,69723,6865651,18,1.1669422270312266,8011818.067959168,18,1.153961011171341,7922693.570309528,18,1.113316000699997,7643639.1135219345
426,2020,8,C,_2,32.1,5.77,67803,7195300,18,1.1731063687889094,8440852.25534684,18,1.229625027179718,8847520.958066225,18,1.2430230355262757,8943923.647522211
427,2020,9,C,_1,29.79,5.31,70873,6978853,18,1.164948126046232,8130001.724302124,18,1.153961011171341,8053324.264696146,18,1.1075789999961854,7729631.026860379
428,2020,9,C,_2,32.1,5.77,68983,7320490,18,1.1716452225592706,8577017.135292916,18,1.2224540197849274,8948962.427295363,18,1.2432690346240998,9101338.535275375
429,2020,1,C,_1,29.79,5.31,72053,7095034,18,1.1614161707184751,8240287.219397386,18,1.1490140044689179,8152293.428183124,18,1.0625570070743562,7538878.092130798
430,2020,1,C,_2,32.1,5.77,70133,7442470,18,1.1660357917387545,8678186.398941929,18,1.206537002325058,8979615.443694174,18,1.2132960057258606,9029919.123734545
431,2020,1,C,_1,29.79,5.31,72053,7095034,18,1.1614161707184751,8240287.219397386,18,1.1490140044689179,8152293.428183124,18,1.0625570070743562,7538878.092130798
432,2020,1,C,_2,32.1,5.77,70133,7442470,18,1.1660357917387545,8678186.398941929,18,1.206537002325058,8979615.443694174,18,1.2132960057258606,9029919.123734545
433,2020,1,C,_1,29.79,5.31,73202,7208236,18,1.1604306266203603,8364657.81830744,18,1.1490140044689179,8282364.111517015,18,1.0625570070743562,7659161.670445629
434,2020,1,C,_2,32.1,5.77,71312,7567660,18,1.1644630115021721,8812260.153624527,18,1.206537002325058,9130661.811015248,18,1.2081740057468415,9143050.096330144
435,2020,4,C,_5,45.96,8.25,67300,10226179,18,1.171589710400001,11980886.093108572,18,1.1804870140552521,12071871.512904525,18,1.0625690197944642,10866020.996272733
436,2020,8,D,_1,29.79,5.31,69723,6865651,18,1.1699401994022038,8032401.09996594,18,1.1510080218315124,7902419.376095545,18,1.100842033624649,7557997.208997104
437,2020,8,D,_2,32.1,5.77,67803,7195300,18,1.1777152006888505,8474014.183516486,18,1.2290020275115967,8843038.288554192,18,1.2782000303268433,9197032.678210735
438,2020,9,D,_1,29.79,5.31,70873,6978853,18,1.1672762513918082,8146249.368854475,18,1.1510080218315124,8032715.786182916,18,1.0951050329208374,7642577.044314684
439,2020,9,D,_2,32.1,5.77,68983,7320490,18,1.1758214536058478,8607589.192907073,18,1.2223250186443329,8948018.075735653,18,1.2705290281772614,9300895.045481361
440,2020,1,D,_1,29.79,5.31,72053,7095034,18,1.1624287219645644,8247471.304915131,18,1.1471660101413728,8139181.8455973845,18,1.0657590067386626,7561596.388617041
441,2020,1,D,_2,32.1,5.77,70133,7442470,18,1.1681532961683458,8693945.862134028,18,1.2027120077610016,8951148.036401022,18,1.2128540170192719,9026629.63604542
442,2020,1,D,_1,29.79,5.31,72053,7095034,18,1.1624287219645644,8247471.304915131,18,1.1471660101413728,8139181.8455973845,18,1.0657590067386626,7561596.388617041
443,2020,1,D,_2,32.1,5.77,70133,7442470,18,1.1681532961683458,8693945.862134028,18,1.2027120077610016,8951148.036401022,18,1.2128540170192719,9026629.63604542
444,2020,1,D,_1,29.79,5.31,73202,7208236,18,1.161117332144081,8369607.753784923,18,1.1471660101413728,8269043.332277408,18,1.0657590067386626,7682242.439697871
445,2020,1,D,_2,32.1,5.77,71312,7567660,18,1.1661225553459538,8824819.017189361,18,1.2027120077610016,9101715.552652622,18,1.2063660156726836,9129367.84216554
446,2020,1,D,_1,29.79,5.31,73202,7208236,18,1.161117332144081,8369607.753784923,18,1.1471660101413728,8269043.332277408,18,1.0657590067386626,7682242.439697871
447,2020,1,D,_2,32.1,5.77,71312,7567660,18,1.1661225553459538,8824819.017189361,18,1.2027120077610016,9101715.552652622,18,1.2063660156726836,9129367.84216554
448,2020,3,D,_3,47.77,8.48,71239,11249376,18,1.1703031248420523,13165179.885323187,18,1.1697550094127656,13159013.928767739,18,1.0716420078277589,12055303.883449404
449,2020,6,D,_5,45.96,8.25,71121,10806789,18,1.170003974570687,12643986.08234678,18,1.164127014875412,12580475.018958438,18,1.0805510199069976,11677286.875869723
450,2020,8,C,_1,29.79,5.31,69723,6865651,19,1.1668632920467323,8011276.12790394,19,1.153961011171341,7922693.570309528,19,1.113316000699997,7643639.1135219345
451,2020,8,C,_2,32.1,5.77,67803,7195300,19,1.172511238160797,8436570.111938382,19,1.229625027179718,8847520.958066225,19,1.2430230355262757,8943923.647522211
452,2020,9,C,_1,29.79,5.31,70873,6978853,19,1.164902842126831,8129685.694485361,19,1.153961011171341,8053324.264696146,19,1.1075789999961854,7729631.026860379
453,2020,9,C,_2,32.1,5.77,68983,7320490,19,1.1711204201782814,8573175.324710907,19,1.2224540197849274,8948962.427295363,19,1.2432690346240998,9101338.535275375
454,2020,1,C,_1,29.79,5.31,72053,7095034,19,1.161391637502676,8240113.155397162,19,1.1490140044689179,8152293.428183124,19,1.0625570070743562,7538878.092130798
455,2020,1,C,_2,32.1,5.77,70133,7442470,19,1.165564577751252,8674679.40297636,19,1.206537002325058,8979615.443694174,19,1.2132960057258606,9029919.123734545
456,2020,1,C,_1,29.79,5.31,72053,7095034,19,1.161391637502676,8240113.155397162,19,1.1490140044689179,8152293.428183124,19,1.0625570070743562,7538878.092130798
457,2020,1,C,_2,32.1,5.77,70133,7442470,19,1.165564577751252,8674679.40297636,19,1.206537002325058,8979615.443694174,19,1.2132960057258606,9029919.123734545
458,2020,1,C,_1,29.79,5.31,73202,7208236,19,1.1604189458501306,8364573.620558962,19,1.1490140044689179,8282364.111517015,19,1.0625570070743562,7659161.670445629
459,2020,1,C,_2,32.1,5.77,71312,7567660,19,1.1640730345429446,8809308.94058926,19,1.206537002325058,9130661.811015248,19,1.2081740057468415,9143050.096330144
460,2020,4,C,_5,45.96,8.25,67300,10226179,19,1.168535263689451,11949650.774300527,19,1.1804870140552521,12071871.512904525,19,1.0625690197944642,10866020.996272733
461,2020,8,D,_1,29.79,5.31,69723,6865651,19,1.1696772340180244,8030595.671413083,19,1.1510080218315124,7902419.376095545,19,1.100842033624649,7557997.208997104
462,2020,8,D,_2,32.1,5.77,67803,7195300,19,1.1768807242302748,8468009.875054097,19,1.2290020275115967,8843038.288554192,19,1.2782000303268433,9197032.678210735
463,2020,9,D,_1,29.79,5.31,70873,6978853,19,1.1670839003804825,8144906.979422031,19,1.1510080218315124,8032715.786182916,19,1.0951050329208374,7642577.044314684
464,2020,9,D,_2,32.1,5.77,68983,7320490,19,1.1750764072590638,8602135.088575903,19,1.2223250186443329,8948018.075735653,19,1.2705290281772614,9300895.045481361
465,2020,1,D,_1,29.79,5.31,72053,7095034,19,1.1623306971972682,8246775.815858323,19,1.1471660101413728,8139181.8455973845,19,1.0657590067386626,7561596.388617041
466,2020,1,D,_2,32.1,5.77,70133,7442470,19,1.1675620594242688,8689545.600403339,19,1.2027120077610016,8951148.036401022,19,1.2128540170192719,9026629.63604542
467,2020,1,D,_1,29.79,5.31,72053,7095034,19,1.1623306971972682,8246775.815858323,19,1.1471660101413728,8139181.8455973845,19,1.0657590067386626,7561596.388617041
468,2020,1,D,_2,32.1,5.77,70133,7442470,19,1.1675620594242688,8689545.600403339,19,1.2027120077610016,8951148.036401022,19,1.2128540170192719,9026629.63604542
469,2020,1,D,_1,29.79,5.31,73202,7208236,19,1.1610527476608974,8369142.213588197,19,1.1471660101413728,8269043.332277408,19,1.0657590067386626,7682242.439697871
470,2020,1,D,_2,32.1,5.77,71312,7567660,19,1.1656350905370052,8821130.049253272,19,1.2027120077610016,9101715.552652622,19,1.2063660156726836,9129367.84216554
471,2020,1,D,_1,29.79,5.31,73202,7208236,19,1.1610527476608974,8369142.213588197,19,1.1471660101413728,8269043.332277408,19,1.0657590067386626,7682242.439697871
472,2020,1,D,_2,32.1,5.77,71312,7567660,19,1.1656350905370052,8821130.049253272,19,1.2027120077610016,9101715.552652622,19,1.2063660156726836,9129367.84216554
473,2020,3,D,_3,47.77,8.48,71239,11249376,19,1.1673394077167396,13131839.917022906,19,1.1697550094127656,13159013.928767739,19,1.0716420078277589,12055303.883449404
474,2020,6,D,_5,45.96,8.25,71121,10806789,19,1.1673306756992077,12615096.305508764,19,1.164127014875412,12580475.018958438,19,1.0805510199069976,11677286.875869723
475,2020,8,C,_1,29.79,5.31,69723,6865651,20,1.1664062748103396,8008138.407057883,20,1.153961011171341,7922693.570309528,20,1.113316000699997,7643639.1135219345
476,2020,8,C,_2,32.1,5.77,67803,7195300,20,1.1714829394078279,8429171.193921143,20,1.229625027179718,8847520.958066225,20,1.2430230355262757,8943923.647522211
477,2020,9,C,_1,29.79,5.31,70873,6978853,20,1.1645612118918958,8127301.507295392,20,1.153961011171341,8053324.264696146,20,1.1075789999961854,7729631.026860379
478,2020,9,C,_2,32.1,5.77,68983,7320490,20,1.170201236943437,8566446.45303206,20,1.2224540197849274,8948962.427295363,20,1.2432690346240998,9101338.535275375
479,2020,1,C,_1,29.79,5.31,72053,7095034,20,1.1612164316441973,8238870.063874256,20,1.1490140044689179,8152293.428183124,20,1.0625570070743562,7538878.092130798
480,2020,1,C,_2,32.1,5.77,70133,7442470,20,1.1649131243627304,8669830.980675891,20,1.206537002325058,8979615.443694174,20,1.2132960057258606,9029919.123734545
481,2020,1,C,_1,29.79,5.31,72053,7095034,20,1.1612164316441973,8238870.063874256,20,1.1490140044689179,8152293.428183124,20,1.0625570070743562,7538878.092130798
482,2020,1,C,_2,32.1,5.77,70133,7442470,20,1.1649131243627304,8669830.980675891,20,1.206537002325058,8979615.443694174,20,1.2132960057258606,9029919.123734545
483,2020,1,C,_1,29.79,5.31,73202,7208236,20,1.1603020951710583,8363731.333287449,20,1.1490140044689179,8282364.111517015,20,1.0625570070743562,7659161.670445629
484,2020,1,C,_2,32.1,5.77,71312,7567660,20,1.163544013919099,8805305.492375009,20,1.206537002325058,9130661.811015248,20,1.2081740057468415,9143050.096330144
485,2020,4,C,_5,45.96,8.25,67300,10226179,20,1.1660197318050098,11923926.494970024,20,1.1804870140552521,12071871.512904525,20,1.0625690197944642,10866020.996272733
486,2020,8,D,_1,29.79,5.31,69723,6865651,20,1.1689856436653636,8025847.453416747,20,1.1510080218315124,7902419.376095545,20,1.100842033624649,7557997.208997104
487,2020,8,D,_2,32.1,5.77,67803,7195300,20,1.1755136003871385,8458173.008865578,20,1.2290020275115967,8843038.288554192,20,1.2782000303268433,9197032.678210735
488,2020,9,D,_1,29.79,5.31,70873,6978853,20,1.166557828953903,8141235.604268433,20,1.1510080218315124,8032715.786182916,20,1.0951050329208374,7642577.044314684
489,2020,9,D,_2,32.1,5.77,68983,7320490,20,1.1738483528286543,8593145.128398636,20,1.2223250186443329,8948018.075735653,20,1.2705290281772614,9300895.045481361
490,2020,1,D,_1,29.79,5.31,72053,7095034,20,1.162070989929666,8244933.183964637,20,1.1471660101413728,8139181.8455973845,20,1.0657590067386626,7561596.388617041
491,2020,1,D,_2,32.1,5.77,70133,7442470,20,1.166750386578505,8683504.749598926,20,1.2027120077610016,8951148.036401022,20,1.2128540170192719,9026629.63604542
492,2020,1,D,_1,29.79,5.31,72053,7095034,20,1.162070989929666,8244933.183964637,20,1.1471660101413728,8139181.8455973845,20,1.0657590067386626,7561596.388617041
493,2020,1,D,_2,32.1,5.77,70133,7442470,20,1.166750386578505,8683504.749598926,20,1.2027120077610016,8951148.036401022,20,1.2128540170192719,9026629.63604542
494,2020,1,D,_1,29.79,5.31,73202,7208236,20,1.1608770020404193,8367875.397679824,20,1.1471660101413728,8269043.332277408,20,1.0657590067386626,7682242.439697871
495,2020,1,D,_2,32.1,5.77,71312,7567660,20,1.164978740606578,8816163.016138775,20,1.2027120077610016,9101715.552652622,20,1.2063660156726836,9129367.84216554
496,2020,1,D,_1,29.79,5.31,73202,7208236,20,1.1608770020404193,8367875.397679824,20,1.1471660101413728,8269043.332277408,20,1.0657590067386626,7682242.439697871
497,2020,1,D,_2,32.1,5.77,71312,7567660,20,1.164978740606578,8816163.016138775,20,1.2027120077610016,9101715.552652622,20,1.2063660156726836,9129367.84216554
498,2020,3,D,_3,47.77,8.48,71239,11249376,20,1.1649525070587636,13104988.774046686,20,1.1697550094127656,13159013.928767739,20,1.0716420078277589,12055303.883449404
499,2020,6,D,_5,45.96,8.25,71121,10806789,20,1.1651424666215477,12591448.79171861,20,1.164127014875412,12580475.018958438,20,1.0805510199069976,11677286.875869723
